<?xml version="1.0" encoding="UTF-8"?>
<paket xmlns:xsi="http://www.w3.org/2001/XMLSchema-instance" xmlns="http://bar.admin.ch/arelda/v4" xsi:schemaLocation="http://bar.admin.ch/arelda/v4 xsd/arelda.xsd" xsi:type="paketSIP" schemaVersion="4.0">
	<paketTyp>SIP</paketTyp>
	<inhaltsverzeichnis>
		<ordner>
			<name>header</name>
			<ordner>
				<name>xsd</name>
				<originalName>xsd</originalName>
				<datei id="IDa">
					<name>ablieferung.xsd</name>
					<pruefalgorithmus>MD5</pruefalgorithmus>
					<pruefsumme>aa1f7ad13064e1643ac85478296165af</pruefsumme>
				</datei>
				<datei id="IDb">
					<name>archivischeNotiz.xsd</name>
					<pruefalgorithmus>MD5</pruefalgorithmus>
					<pruefsumme>847911efbac472d0ecc6fe1e99873799</pruefsumme>
				</datei>
				<datei id="IDc">
					<name>archivischerVorgang.xsd</name>
					<pruefalgorithmus>MD5</pruefalgorithmus>
					<pruefsumme>4a237563fd2d40be9a9ecbf4c0bf946e</pruefsumme>
				</datei>
				<datei id="IDd">
					<name>arelda.xsd</name>
					<pruefalgorithmus>MD5</pruefalgorithmus>
					<pruefsumme>f8454632e1ebf97e0aa8d9527ce2641f</pruefsumme>
				</datei>
				<datei id="IDe">
					<name>base.xsd</name>
					<pruefalgorithmus>MD5</pruefalgorithmus>
					<pruefsumme>cb30854883c6d5640b0965dae5f34afd</pruefsumme>
				</datei>
				<datei id="IDf">
					<name>datei.xsd</name>
					<pruefalgorithmus>MD5</pruefalgorithmus>
					<pruefsumme>a4276f0c798ce6c497f0a03660ead0d9</pruefsumme>
				</datei>
				<datei id="IDg">
					<name>dokument.xsd</name>
					<pruefalgorithmus>MD5</pruefalgorithmus>
					<pruefsumme>721965e5224766040bf0bcd03978809e</pruefsumme>
				</datei>
				<datei id="IDh">
					<name>dossier.xsd</name>
					<pruefalgorithmus>MD5</pruefalgorithmus>
					<pruefsumme>f3f1141d95e92a291e84cfb30bb30e9a</pruefsumme>
				</datei>
				<datei id="IDi">
					<name>ordner.xsd</name>
					<pruefalgorithmus>MD5</pruefalgorithmus>
					<pruefsumme>83e0f91d1a232c7bdd7416970844af1c</pruefsumme>
				</datei>
				<datei id="IDj">
					<name>ordnungssystem.xsd</name>
					<pruefalgorithmus>MD5</pruefalgorithmus>
					<pruefsumme>4b64247b25362382d6c648ba8ff76ad6</pruefsumme>
				</datei>
				<datei id="IDk">
					<name>ordnungssystemposition.xsd</name>
					<pruefalgorithmus>MD5</pruefalgorithmus>
					<pruefsumme>1e7f0a9b914c8baf1235740b133ec90e</pruefsumme>
				</datei>
				<datei id="IDl">
					<name>paket.xsd</name>
					<pruefalgorithmus>MD5</pruefalgorithmus>
					<pruefsumme>9920c66b7066f645390e922ba803aadb</pruefsumme>
				</datei>
				<datei id="IDm">
					<name>provenienz.xsd</name>
					<pruefalgorithmus>MD5</pruefalgorithmus>
					<pruefsumme>2d6dbc4665cb5169d62549dbbc3f19a7</pruefsumme>
				</datei>
				<datei id="IDn">
					<name>zusatzDaten.xsd</name>
					<pruefalgorithmus>MD5</pruefalgorithmus>
					<pruefsumme>a685887b7ad673ea2deac6f96cf3fb4f</pruefsumme>
				</datei>
			</ordner>
		</ordner>
		<ordner>
			<name>content</name>
			<originalName>content</originalName>
			<ordner>
				<name>#03_ordnerName</name>
				<originalName>#04_ordnerOriginalName</originalName>
				<datei id="ID1">
					<name>#05_dateiName.pdf</name>
					<originalName>#06_dateiOriginalName</originalName>
					<pruefalgorithmus>MD5</pruefalgorithmus>
					<pruefsumme>ea205477f15961fa22553b94c4152fd5</pruefsumme>
					<eigenschaft name="#07_eigenschaftName">#08_eigenschaftWert</eigenschaft>
				</datei>
			</ordner>
		</ordner>
	</inhaltsverzeichnis>
	<ablieferung xsi:type="ablieferungGeverSIP">
		<ablieferungstyp>GEVER</ablieferungstyp>
		<ablieferndeStelle>#09_ablieferndeStelle</ablieferndeStelle>
		<ablieferungsnummer>#14_ablieferungsnummer</ablieferungsnummer>
		<provenienz>
			<aktenbildnerName>#19_aktenbildnerName</aktenbildnerName>
			<registratur>#24_registratur</registratur>
		</provenienz>
		<ordnungssystem>
			<name>#30_ordnungssystemName</name>
			<ordnungssystemposition id="ID3">
				<nummer>#38_ordnungssystemNummer</nummer>
				<titel>#39_ordnungssystemTitel</titel>
				<dossier id="ID4">
					<titel>#43_dossierTitel</titel>
					<entstehungszeitraum>
						<von>
							<datum>1967</datum>
						</von>
						<bis>
							<datum>1967</datum>
						</bis>
					</entstehungszeitraum>
					<aktenzeichen>#55_aktenzeichen</aktenzeichen>
					<dokument id="ID5">
						<titel>#59_dokumentTitel</titel>
						<erscheinungsform>digital</erscheinungsform>
						<dateiRef>ID1</dateiRef>
					</dokument>
				</dossier>
			</ordnungssystemposition>
		</ordnungssystem>
	</ablieferung>
</paket>
