<?xml version="1.0" encoding="UTF-8"?>
<paket xmlns:xsi="http://www.w3.org/2001/XMLSchema-instance" xmlns="http://bar.admin.ch/arelda/v4" xsi:type="paketSIP" schemaVersion="4.1" xsi:schemaLocation="http://bar.admin.ch/arelda/v4 xsd/arelda.xsd">
	<paketTyp>SIP</paketTyp>
	<zusatzDaten>
		<merkmal name="#01_zusatzDaten_key">#02_zusatzDaten_value</merkmal>
	</zusatzDaten>
	<inhaltsverzeichnis>
		<ordner>
			<name>header</name>
			<originalName>header</originalName>
			<ordner>
				<name>xsd</name>
				<originalName>xsd</originalName>
				<datei id="IDa">
					<name>ablieferung.xsd</name>
					<originalName>ablieferung.xsd</originalName>
					<pruefalgorithmus>MD5</pruefalgorithmus>
					<pruefsumme>89ba1985a35b8cceca855efec30f3259</pruefsumme>
				</datei>
				<datei id="IDb">
					<name>archivischeNotiz.xsd</name>
					<originalName>archivischeNotiz.xsd</originalName>
					<pruefalgorithmus>MD5</pruefalgorithmus>
					<pruefsumme>847911efbac472d0ecc6fe1e99873799</pruefsumme>
				</datei>
				<datei id="IDc">
					<name>archivischerVorgang.xsd</name>
					<originalName>archivischerVorgang.xsd</originalName>
					<pruefalgorithmus>MD5</pruefalgorithmus>
					<pruefsumme>81f9fbd7c8030d7a0a32520b09876690</pruefsumme>
				</datei>
				<datei id="IDd">
					<name>arelda.xsd</name>
					<originalName>arelda.xsd</originalName>
					<pruefalgorithmus>MD5</pruefalgorithmus>
					<pruefsumme>56e798cb78cec394a384d199396353a4</pruefsumme>
				</datei>
				<datei id="IDe">
					<name>base.xsd</name>
					<originalName>base.xsd</originalName>
					<pruefalgorithmus>MD5</pruefalgorithmus>
					<pruefsumme>cb30854883c6d5640b0965dae5f34afd</pruefsumme>
				</datei>
				<datei id="IDf">
					<name>datei.xsd</name>
					<originalName>datei.xsd</originalName>
					<pruefalgorithmus>MD5</pruefalgorithmus>
					<pruefsumme>a4276f0c798ce6c497f0a03660ead0d9</pruefsumme>
				</datei>
				<datei id="IDg">
					<name>dokument.xsd</name>
					<originalName>dokument.xsd</originalName>
					<pruefalgorithmus>MD5</pruefalgorithmus>
					<pruefsumme>fdd33bb1bf52e740b22a6e2cd24b5356</pruefsumme>
				</datei>
				<datei id="IDh">
					<name>dossier.xsd</name>
					<originalName>dossier.xsd</originalName>
					<pruefalgorithmus>MD5</pruefalgorithmus>
					<pruefsumme>20bbe4972fb53bba0362a0c2f7695f79</pruefsumme>
				</datei>
				<datei id="IDi">
					<name>ordner.xsd</name>
					<originalName>ordner.xsd</originalName>
					<pruefalgorithmus>MD5</pruefalgorithmus>
					<pruefsumme>83e0f91d1a232c7bdd7416970844af1c</pruefsumme>
				</datei>
				<datei id="IDj">
					<name>ordnungssystem.xsd</name>
					<originalName>ordnungssystem.xsd</originalName>
					<pruefalgorithmus>MD5</pruefalgorithmus>
					<pruefsumme>4b64247b25362382d6c648ba8ff76ad6</pruefsumme>
				</datei>
				<datei id="IDk">
					<name>ordnungssystemposition.xsd</name>
					<originalName>ordnungssystemposition.xsd</originalName>
					<pruefalgorithmus>MD5</pruefalgorithmus>
					<pruefsumme>b71d20e639f0f663b4d39ff79ef57f1b</pruefsumme>
				</datei>
				<datei id="IDl">
					<name>paket.xsd</name>
					<originalName>paket.xsd</originalName>
					<pruefalgorithmus>MD5</pruefalgorithmus>
					<pruefsumme>9920c66b7066f645390e922ba803aadb</pruefsumme>
				</datei>
				<datei id="IDm">
					<name>provenienz.xsd</name>
					<originalName>provenienz.xsd</originalName>
					<pruefalgorithmus>MD5</pruefalgorithmus>
					<pruefsumme>2d6dbc4665cb5169d62549dbbc3f19a7</pruefsumme>
				</datei>
				<datei id="IDn">
					<name>zusatzDaten.xsd</name>
					<originalName>zusatzDaten.xsd</originalName>
					<pruefalgorithmus>MD5</pruefalgorithmus>
					<pruefsumme>a685887b7ad673ea2deac6f96cf3fb4f</pruefsumme>
				</datei>
			</ordner>
		</ordner>
		<ordner>
			<name>content</name>
			<originalName>content</originalName>
			<ordner>
				<name>#03_ordnerName</name>
				<originalName>#04_ordnerOriginalName</originalName>
				<datei id="ID1">
					<name>#05_dateiName.pdf</name>
					<originalName>#06_dateiOriginalName</originalName>
					<pruefalgorithmus>MD5</pruefalgorithmus>
					<pruefsumme>71d604ab2d16a7a8cd8b6f506b31cd8d</pruefsumme>
					<eigenschaft name="#07_eigenschaftName">#08_eigenschaftWert</eigenschaft>
				</datei>
			</ordner>
		</ordner>
	</inhaltsverzeichnis>
	<ablieferung xsi:type="ablieferungGeverSIP">
		<ablieferungstyp>GEVER</ablieferungstyp>
		<ablieferndeStelle>#09_ablieferndeStelle</ablieferndeStelle>
		<entstehungszeitraum>
			<von>
				<datum>1967-02-01</datum>
			</von>
			<bis>
				<datum>1967-04-02</datum>
			</bis>
		</entstehungszeitraum>
		<ablieferungsteile>#10_ablieferungsteile</ablieferungsteile>
		<bemerkung>#11_ablieferungBemerkung</bemerkung>
		<zusatzDaten>
			<merkmal name="#12_zusatzDatenKey">#13_zusatzDatenValue</merkmal>
		</zusatzDaten>
		<ablieferungsnummer>#14_ablieferungsnummer</ablieferungsnummer>
		<angebotsnummer>#15_angebotsnummer</angebotsnummer>
		<referenzBewertungsentscheid>#16_referenzBewertungsentscheid</referenzBewertungsentscheid>
		<referenzSchutzfristenFormular>#17_referenzSchutzfristenFormular</referenzSchutzfristenFormular>
		<schutzfristenkategorie>#18_schutzfristenkategorie</schutzfristenkategorie>
		<schutzfrist>30</schutzfrist>
		<provenienz>
			<aktenbildnerName>#19_aktenbildnerName</aktenbildnerName>
			<systemName>#20_systemName</systemName>
			<systemBeschreibung>#21_systemBeschreibung</systemBeschreibung>
			<existenzzeitraum>
				<von>
					<ca>false</ca>
					<datum>1967-01-03</datum>
				</von>
				<bis>
					<ca>false</ca>
					<datum>1967-12-04</datum>
				</bis>
			</existenzzeitraum>
			<geschichteAktenbildner>#22_geschichteAktenbildner</geschichteAktenbildner>
			<bemerkung>#23_provenienzBemerkung</bemerkung>
			<registratur>#24_registratur</registratur>
		</provenienz>
		<ordnungssystem>
			<generation>#25_generation</generation>
			<anwendungszeitraum>
				<von>
					<datum>1967-02-05</datum>
				</von>
				<bis>
					<datum>1967-04-06</datum>
				</bis>
			</anwendungszeitraum>
			<mitbenutzung>#26_mitbenutzung</mitbenutzung>
			<bemerkung>#27_ordnungssystemBemerkung</bemerkung>
			<zusatzDaten>
				<merkmal name="#28_zusatzDatenKey">#29_zusatzDatenValue</merkmal>
			</zusatzDaten>
			<name>#30_ordnungssystemName</name>
			<ordnungssystemposition id="ID3">
				<federfuehrendeOrganisationseinheit>#31_federfuehrendeOrganisationseinheit</federfuehrendeOrganisationseinheit>
				<klassifizierungskategorie>#32_klassifizierungskategorie</klassifizierungskategorie>
				<datenschutz>true</datenschutz>
				<oeffentlichkeitsstatus>#33_oeffentlichkeitsstatus</oeffentlichkeitsstatus>
				<oeffentlichkeitsstatusBegruendung>#34_oeffentlichkeitsstatusBegruendung</oeffentlichkeitsstatusBegruendung>
				<sonstigeBestimmungen>#35_sonstigeBestimmungen</sonstigeBestimmungen>
				<zusatzDaten>
					<merkmal name="#36_zusatzDatenKey">#37_zusatzDatenValue</merkmal>
				</zusatzDaten>
				<nummer>#38_ordnungssystemNummer</nummer>
				<titel>#39_ordnungssystemTitel</titel>
				<schutzfristenkategorie>#40_schutzfristenkategorie</schutzfristenkategorie>
				<schutzfrist>30</schutzfrist>
				<schutzfristenBegruendung>#41_schutzfristenBegruendung</schutzfristenBegruendung>
				<dossier id="ID4">
					<zusatzmerkmal>#42_zusatzmerkmal</zusatzmerkmal>
					<titel>#43_dossierTitel</titel>
					<inhalt>#44_dossierInhalt</inhalt>
					<formInhalt>#45_formInhalt</formInhalt>
					<erscheinungsform>keine Angabe</erscheinungsform>
					<federfuehrendeOrganisationseinheit>#46_federfuehrendeOrganisationseinheit</federfuehrendeOrganisationseinheit>
					<entstehungszeitraum>
						<von>
							<datum>1967-02-07</datum>
						</von>
						<bis>
							<datum>1967-03-08</datum>
						</bis>
					</entstehungszeitraum>
					<entstehungszeitraumAnmerkung>#47_entstehungszeitraumAnmerkung</entstehungszeitraumAnmerkung>
					<klassifizierungskategorie>#48_klassifizierungskategorie</klassifizierungskategorie>
					<datenschutz>true</datenschutz>
					<oeffentlichkeitsstatus>#49_oeffentlichkeitsstatus</oeffentlichkeitsstatus>
					<oeffentlichkeitsstatusBegruendung>#50_oeffentlichkeitsstatusBegruendung</oeffentlichkeitsstatusBegruendung>
					<sonstigeBestimmungen>#51_sonstigeBestimmungen</sonstigeBestimmungen>
					<bemerkung>#52_dossierBemerkung</bemerkung>
					<zusatzDaten>
						<merkmal name="#53a_zusatzDatenKey">#54a_zusatzDatenValue</merkmal>
						<merkmal name="#53b_zusatzDatenKey">#54b_zusatzDatenValue</merkmal>
						<merkmal name="#53c_zusatzDatenKey">#54c_zusatzDatenValue</merkmal>
					</zusatzDaten>
					<aktenzeichen>#55_aktenzeichen</aktenzeichen>
					<eroeffnungsdatum>
						<ca>false</ca>
						<datum>1967-01-09</datum>
					</eroeffnungsdatum>
					<abschlussdatum>
						<ca>false</ca>
						<datum>1967-01-10</datum>
					</abschlussdatum>
					<vorgang>#56_vorgang</vorgang>
					<vorgang>
						<titel>#56a_titel</titel>
						<arbeitsanweisung>#56b_arbeitsanweisung</arbeitsanweisung>
						<verweis>#56c_verweis</verweis>
						<aktivitaet order="1">
							<vorschreibung>#56d_vorschreibung</vorschreibung>
							<akteur>#56e_akteur</akteur>
							<abschlussvermerk>#56f_abschlussvermerk</abschlussvermerk>
							<abschlussdatum>1967-02-14</abschlussdatum>
							<verweis>#56g_verweis</verweis>
							<bemerkung>#56h_bemerkung</bemerkung>
						</aktivitaet>
						<aktivitaet order="2">
							<vorschreibung>#56dd_vorschreibung</vorschreibung>
							<akteur>#56ee_akteur</akteur>
							<abschlussvermerk>#56ff_abschlussvermerk</abschlussvermerk>
							<abschlussdatum>1967-02-15</abschlussdatum>
							<verweis>#56gg_verweis</verweis>
							<bemerkung>#56hh_bemerkung</bemerkung>
						</aktivitaet>
					</vorgang>
					<schutzfristenkategorie>#57_schutzfristenkategorie</schutzfristenkategorie>
					<schutzfrist>30</schutzfrist>
					<schutzfristenBegruendung>#58_schutzfristenBegruendung</schutzfristenBegruendung>
					<dokument id="ID5">
						<titel>#59_dokumentTitel</titel>
						<autor>#60_dokumentAutor</autor>
						<erscheinungsform>digital</erscheinungsform>
						<dokumenttyp>#61_dokumenttyp</dokumenttyp>
						<registrierdatum>
							<ca>false</ca>
							<datum>1967-01-11</datum>
						</registrierdatum>
						<entstehungszeitraum>
							<von>
								<datum>1967-02-12</datum>
							</von>
							<bis>
								<datum>1967-02-13</datum>
							</bis>
						</entstehungszeitraum>
						<klassifizierungskategorie>#62_klassifizierungskategorie</klassifizierungskategorie>
						<datenschutz>true</datenschutz>
						<oeffentlichkeitsstatus>#63_oeffentlichkeitsstatus</oeffentlichkeitsstatus>
						<oeffentlichkeitsstatusBegruendung>#64_oeffentlichkeitsstatusBegruendung</oeffentlichkeitsstatusBegruendung>
						<sonstigeBestimmungen>#65_sonstigeBestimmungen</sonstigeBestimmungen>
						<bemerkung>#66_dokumentBemerkung</bemerkung>
						<zusatzDaten>
							<merkmal name="#67_zusatzDatenKey">#68_zusatzDatenValue</merkmal>
						</zusatzDaten>
						<dateiRef>ID1</dateiRef>
						<anwendung>#69_anwendung</anwendung>
					</dokument>
				</dossier>
			</ordnungssystemposition>
		</ordnungssystem>
	</ablieferung>
	<archivischerVorgang>
		<vorgangstyp>#70_vorgangstyp</vorgangstyp>
		<beschreibung>#71_beschreibung</beschreibung>
		<datum>
			<von>1967-01-13</von>
			<bis>1967-01-14</bis>
		</datum>
		<bearbeiter>#72_bearbeiter</bearbeiter>
	</archivischerVorgang>
	<referenzUebernahmedossier>#73_referenzUebernahmedossier</referenzUebernahmedossier>
</paket>
<!--Generated with PackageHandler 2.1.0.Final-->
